{
  "model_class": "CreditNet",
  "model_kwargs": {
    "input_dim": 23,
    "hidden_layers": [
      256,
      96
    ],
    "dropout": 0.2993292420985183
  },
  "hyperparameters": {
    "lr": 0.0013292918943162175,
    "hidden1": 256,
    "hidden2": 96,
    "dropout": 0.2993292420985183
  },
  "final_accuracy": 0.7315000295639038,
  "convergence_history": [
    0.7301666736602783,
    0.7008333206176758,
    0.6966666579246521,
    0.7401666641235352,
    0.7286666631698608,
    0.7521666884422302,
    0.7713333368301392,
    0.7561666369438171,
    0.777999997138977,
    0.7618333101272583,
    0.7761666774749756,
    0.7693333625793457,
    0.7726666927337646,
    0.7910000085830688,
    0.7315000295639038
  ]
}