Model,Eval_Accuracy,lr,hidden1,hidden2,dropout,hidden,layers,n_estimators,max_depth,learning_rate,C,solver
MLP,0.8197222222222222,0.0013292918943162175,256,96,0.2993292420985183,,,,,,,
LSTM,0.8175,0.00010388823104027947,,,0.43155171293779676,32,4,,,,,
XGBOOST,0.7994444444444444,,,,,,,200,12,0.16217936517334897,,
LogisticRegression,0.6927777777777778,,,,,,,,,,0.0019517224641449498,lbfgs
