{
  "model_class": "CreditNet",
  "model_kwargs": {
    "input_dim": 23,
    "hidden_layers": [
      64,
      48
    ],
    "dropout": 0.18318092164684585
  },
  "hyperparameters": {
    "lr": 0.006847920095574782,
    "hidden1": 64,
    "hidden2": 48,
    "dropout": 0.18318092164684585
  },
  "final_accuracy": 0.7701666951179504,
  "convergence_history": [
    0.7459999918937683,
    0.7368333339691162,
    0.7733333110809326,
    0.7835000157356262,
    0.7851666808128357,
    0.7866666913032532,
    0.7886666655540466,
    0.7900000214576721,
    0.7826666831970215,
    0.7848333120346069,
    0.7854999899864197,
    0.7870000004768372,
    0.7821666598320007,
    0.7873333096504211,
    0.7701666951179504
  ]
}