{
  "model_class": "CreditLSTM",
  "model_kwargs": {},
  "hyperparameters": {},
  "final_accuracy": 0.6539999842643738,
  "convergence_history": [
    0.6955000162124634,
    0.8048333525657654,
    0.5228333473205566,
    0.8059999942779541,
    0.8125,
    0.778333306312561,
    0.715833306312561,
    0.5483333468437195,
    0.6014999747276306,
    0.7791666388511658,
    0.7559999823570251,
    0.6818333268165588,
    0.7768333554267883,
    0.781166672706604,
    0.6539999842643738
  ]
}