{
  "model_class": "CreditNet",
  "model_kwargs": {
    "input_dim": 23
  },
  "hyperparameters": {},
  "final_accuracy": 0.7730000019073486,
  "convergence_history": [
    0.7596666812896729,
    0.7354999780654907,
    0.7718333601951599,
    0.7724999785423279,
    0.7745000123977661,
    0.7760000228881836,
    0.7651666402816772,
    0.7879999876022339,
    0.7878333330154419,
    0.777999997138977,
    0.7741666436195374,
    0.7803333401679993,
    0.7696666717529297,
    0.7761666774749756,
    0.7730000019073486
  ]
}